{
  "project_info": {
    "project_number": "310088256574",
    "firebase_url": "https://blogmy-23459.firebaseio.com",
    "project_id": "blogmy-23459",
    "storage_bucket": "blogmy-23459.appspot.com"
  },
  "client": [
    {
      "client_info": {
        "mobilesdk_app_id": "1:310088256574:android:287ee68dd227b292",
        "android_client_info": {
          "package_name": "com.example.blogmy"
        }
      },
      "oauth_client": [
        {
          "client_id": "310088256574-30anfpsudfhj1cfnm3sb4v9k792dfi4a.apps.googleusercontent.com",
          "client_type": 1,
          "android_info": {
            "package_name": "com.example.blogmy",
            "certificate_hash": "ed5197cee1566cad071e61a0fb4c913ae1c44866"
          }
        },
        {
          "client_id": "310088256574-996ti3kgm65mqt1ltqs4evgqkbpjrcdb.apps.googleusercontent.com",
          "client_type": 3
        }
      ],
      "api_key": [
        {
          "current_key": "AIzaSyCtxiC13klAeBqYhAr0tjrMhHI5IjvWJ38"
        }
      ],
      "services": {
        "appinvite_service": {
          "other_platform_oauth_client": [
            {
              "client_id": "310088256574-996ti3kgm65mqt1ltqs4evgqkbpjrcdb.apps.googleusercontent.com",
              "client_type": 3
            }
          ]
        }
      }
    }
  ],
  "configuration_version": "1"
}